,regroupement_annee,region,count_tconst
0,"(2010, 2020]",DE,1136016
1,"(2010, 2020]",FR,1128018
2,"(2010, 2020]",JP,1127444
3,"(2010, 2020]",IN,1126011
4,"(2010, 2020]",ES,1109729
5,"(2010, 2020]",IT,1099034
6,"(2010, 2020]",PT,1078762
7,"(2010, 2020]",Non connu,773677
8,"(2000, 2010]",DE,700772
9,"(2000, 2010]",JP,698557
10,"(2000, 2010]",FR,693595
11,"(2000, 2010]",ES,681915
12,"(2000, 2010]",IN,675084
13,"(2000, 2010]",IT,673687
14,"(2000, 2010]",PT,665499
15,"(2010, 2020]",US,536546
16,"(2000, 2010]",Non connu,360502
17,"(1990, 2000]",JP,345766
18,"(1990, 2000]",DE,344294
19,"(1990, 2000]",FR,338716
20,"(1990, 2000]",ES,333951
21,"(1990, 2000]",IT,329779
22,"(1990, 2000]",IN,327558
23,"(1990, 2000]",PT,323657
24,"(2000, 2010]",US,252720
25,"(1980, 1990]",JP,193125
26,"(1980, 1990]",FR,186737
27,"(1980, 1990]",ES,183617
28,"(1980, 1990]",IN,181280
29,"(1980, 1990]",IT,181254
30,"(1980, 1990]",PT,177498
31,"(1980, 1990]",DE,177089
32,"(2010, 2020]",GB,158860
33,"(1970, 1980]",FR,148986
34,"(1970, 1980]",JP,146922
35,"(1990, 2000]",Non connu,144229
36,"(1970, 1980]",ES,143796
37,"(1970, 1980]",IT,143033
38,"(1970, 1980]",IN,140403
39,"(1970, 1980]",PT,139259
40,"(1970, 1980]",DE,137119
41,"(1990, 2000]",US,98255
42,"(1960, 1970]",FR,95209
43,"(1960, 1970]",JP,93679
44,"(1960, 1970]",IT,91460
45,"(1960, 1970]",ES,91423
46,"(1980, 1990]",Non connu,90783
47,"(1960, 1970]",PT,88611
48,"(1960, 1970]",IN,88426
49,"(2010, 2020]",CA,87369
50,"(1960, 1970]",DE,86137
51,"(1970, 1980]",Non connu,73391
52,"(2000, 2010]",GB,72070
53,"(1910, 1920]",Non connu,68113
54,"(1960, 1970]",Non connu,62608
55,"(1980, 1990]",US,54637
56,"(2010, 2020]",XWW,51874
57,"(2010, 2020]",AU,48917
58,"(1910, 1920]",US,46004
59,"(1970, 1980]",US,42642
60,"(1950, 1960]",Non connu,40098
61,"(2010, 2020]",RU,39936
62,"(1950, 1960]",FR,39219
63,"(1950, 1960]",JP,38445
64,"(2000, 2010]",CA,37467
65,"(1950, 1960]",IT,37259
66,"(1960, 1970]",US,36549
67,"(1950, 1960]",ES,36198
68,"(1950, 1960]",PT,35313
69,"(1950, 1960]",IN,34317
70,"(2010, 2020]",MX,33489
71,"(1990, 2000]",GB,33317
72,"(1950, 1960]",DE,32694
73,"(2000, 2010]",XWW,32602
74,"(1920, 1930]",Non connu,30922
75,"(2010, 2020]",BR,30475
76,"(1900, 1910]",Non connu,29333
77,"(2010, 2020]",NO,29224
78,"(1930, 1940]",Non connu,27488
79,"(2000, 2010]",AU,23779
80,"(1940, 1950]",Non connu,23750
81,"(2010, 2020]",PL,22490
82,"(1980, 1990]",GB,22443
83,"(2000, 2010]",RU,22321
84,"(1950, 1960]",US,22313
85,"(1920, 1930]",US,20545
86,"(1930, 1940]",US,19557
87,"(1970, 1980]",GB,19321
88,"(2000, 2010]",GR,18528
89,"(2000, 2010]",MX,18201
90,"(1990, 2000]",CA,18015
91,"(2010, 2020]",AR,17540
92,"(2010, 2020]",FI,17365
93,"(2000, 2010]",BR,17353
94,"(2010, 2020]",PH,16757
95,"(2010, 2020]",GR,16242
96,"(1960, 1970]",GB,16026
97,"(1940, 1950]",US,15938
98,"(2010, 2020]",NL,15358
99,"(2000, 2010]",HU,15353
100,"(2010, 2020]",TR,15105
101,"(2000, 2010]",PL,14371
102,"(1990, 2000]",XWW,14336
103,"(2000, 2010]",FI,13899
104,"(2010, 2020]",SE,13825
105,"(2010, 2020]",HU,13665
106,"(1970, 1980]",XWW,13525
107,"(1900, 1910]",US,13210
108,"(2000, 2010]",AR,13173
109,"(1980, 1990]",XWG,13081
110,"(1960, 1970]",XWG,13029
111,"(2010, 2020]",CN,12884
112,"(1980, 1990]",XWW,12585
113,"(1970, 1980]",XWG,12335
114,"(1960, 1970]",XWW,12052
115,"(1990, 2000]",GR,11233
116,"(1980, 1990]",CA,11232
117,"(1990, 2000]",BR,11140
118,"(1990, 2000]",HU,11023
119,"(1990, 2000]",FI,10785
120,"(1910, 1920]",FR,10713
121,"(1990, 2000]",RU,10638
122,"(2010, 2020]",KR,10555
123,"(1950, 1960]",GB,10081
124,"(1990, 2000]",PL,9826
125,"(1980, 1990]",GR,9640
126,"(2010, 2020]",UA,9459
127,"(1910, 1920]",GB,9337
128,"(1980, 1990]",FI,9319
129,"(1990, 2000]",AU,9108
130,"(1980, 1990]",SUHH,9052
131,"(1900, 1910]",GB,8926
132,"(1900, 1910]",FR,8910
133,"(1940, 1950]",FR,8653
134,"(2000, 2010]",SE,8634
135,"(2010, 2020]",TW,8634
136,"(1920, 1930]",JP,8571
137,"(1980, 1990]",BR,8558
138,"(2000, 2010]",NL,8474
139,"(2010, 2020]",DK,8439
140,"(1990, 2000]",MX,8417
141,"(1950, 1960]",XWG,8405
142,"(2010, 2020]",IE,8122
143,"(1970, 1980]",GR,8089
144,"(2010, 2020]",RS,8005
145,"(1890, 1900]",Non connu,7883
146,"(1970, 1980]",CA,7834
147,"(1970, 1980]",SUHH,7740
148,"(1960, 1970]",GR,7697
149,"(1980, 1990]",HU,7684
150,"(2010, 2020]",AT,7615
151,"(2010, 2020]",BG,7612
152,"(1940, 1950]",IT,7604
153,"(1980, 1990]",PL,7482
154,"(1980, 1990]",AU,7348
155,"(1910, 1920]",IT,7301
156,"(1930, 1940]",GB,7275
157,"(1940, 1950]",ES,7264
158,"(2010, 2020]",SG,7143
159,"(1940, 1950]",PT,7114
160,"(2010, 2020]",CZ,7048
161,"(1970, 1980]",FI,6905
162,"(2000, 2010]",TR,6884
163,"(1940, 1950]",JP,6869
164,"(2000, 2010]",DK,6869
165,"(1960, 1970]",FI,6828
166,"(1910, 1920]",DE,6810
167,"(1930, 1940]",JP,6807
168,"(2010, 2020]",ID,6580
169,"(2010, 2020]",RO,6539
170,"(1940, 1950]",DE,6489
171,"(1950, 1960]",XWW,6471
172,"(2010, 2020]",IL,6370
173,"(1990, 2000]",SE,6359
174,"(1940, 1950]",GB,6213
175,"(1960, 1970]",BR,6190
176,"(1970, 1980]",BR,6183
177,"(1990, 2000]",AR,6135
178,"(2010, 2020]",BE,6024
179,"(2010, 2020]",NZ,5960
180,"(1950, 1960]",FI,5959
181,"(2000, 2010]",BG,5935
182,"(1940, 1950]",IN,5930
183,"(1930, 1940]",BR,5876
184,"(1970, 1980]",HU,5868
185,"(1950, 1960]",BR,5817
186,"(2010, 2020]",AE,5811
187,"(1960, 1970]",CA,5676
188,"(1980, 1990]",SE,5643
189,"(1930, 1940]",FR,5626
190,"(1960, 1970]",SUHH,5590
191,"(2000, 2010]",RO,5551
192,"(1930, 1940]",DE,5535
193,"(2000, 2010]",RS,5505
194,"(1970, 1980]",AU,5504
195,"(1970, 1980]",PL,5503
196,"(2000, 2010]",CZ,5429
197,"(1920, 1930]",GB,5408
198,"(1980, 1990]",MX,5285
199,"(1950, 1960]",GR,5266
200,"(1970, 1980]",SE,5230
201,"(1940, 1950]",BR,5215
202,"(2010, 2020]",VN,4996
203,"(1990, 2000]",NL,4970
204,"(1920, 1930]",DE,4932
205,"(1970, 1980]",TR,4911
206,"(1950, 1960]",CA,4891
207,"(1950, 1960]",BE,4735
208,"(2000, 2010]",PH,4661
209,"(2010, 2020]",CH,4640
210,"(2010, 2020]",HK,4585
211,"(1990, 2000]",HK,4577
212,"(1990, 2000]",BG,4510
213,"(1990, 2000]",DK,4504
214,"(1960, 1970]",HU,4478
215,"(1960, 1970]",PL,4475
216,"(2010, 2020]",HR,4442
217,"(2010, 2020]",IR,4437
218,"(1920, 1930]",FR,4422
219,"(1950, 1960]",SUHH,4419
220,"(1930, 1940]",ES,4380
221,"(1960, 1970]",TR,4366
222,"(1930, 1940]",PT,4346
223,"(2010, 2020]",CL,4298
224,"(1960, 1970]",DK,4241
225,"(1950, 1960]",SE,4235
226,"(1890, 1900]",US,4226
227,"(1920, 1930]",BR,4225
228,"(1960, 1970]",SE,4217
229,"(1950, 1960]",DK,4216
230,"(1910, 1920]",DK,4186
231,"(2010, 2020]",CO,4181
232,"(2000, 2010]",TW,4152
233,"(1960, 1970]",MX,4137
234,"(1970, 1980]",MX,4115
235,"(2000, 2010]",NO,4083
236,"(1910, 1920]",JP,4063
237,"(1930, 1940]",IT,4051
238,"(2010, 2020]",LT,4038
239,"(2000, 2010]",UA,4022
240,"(1940, 1950]",MX,3990
241,"(1970, 1980]",DK,3955
242,"(1940, 1950]",FI,3925
243,"(1980, 1990]",AR,3922
244,"(1980, 1990]",DK,3706
245,"(1920, 1930]",DK,3673
246,"(2010, 2020]",SK,3655
247,"(1980, 1990]",TR,3649
248,"(2000, 2010]",CN,3627
249,"(1990, 2000]",TR,3601
250,"(2000, 2010]",HR,3566
251,"(1950, 1960]",MX,3553
252,"(1930, 1940]",SE,3549
253,"(1930, 1940]",DK,3533
254,"(1940, 1950]",SE,3516
255,"(1960, 1970]",XYU,3511
256,"(1950, 1960]",PL,3436
257,"(1970, 1980]",HK,3410
258,"(1970, 1980]",AR,3373
259,"(2000, 2010]",BE,3358
260,"(2000, 2010]",NG,3346
261,"(1980, 1990]",HK,3332
262,"(2000, 2010]",VE,3317
263,"(1930, 1940]",GR,3285
264,"(1890, 1900]",GB,3237
265,"(1980, 1990]",NO,3185
266,"(2010, 2020]",ZA,3170
267,"(2000, 2010]",HK,3153
268,"(1970, 1980]",XYU,3149
269,"(2000, 2010]",AT,3077
270,"(1970, 1980]",NO,3058
271,"(1960, 1970]",AU,3033
272,"(1940, 1950]",GR,3018
273,"(1960, 1970]",AR,3011
274,"(2010, 2020]",SI,2982
275,"(1940, 1950]",DK,2956
276,"(2000, 2010]",KR,2905
277,"(1950, 1960]",HU,2860
278,"(1980, 1990]",BG,2859
279,"(2000, 2010]",IL,2848
280,"(1990, 2000]",RO,2847
281,"(2000, 2010]",LT,2822
282,"(1990, 2000]",RS,2809
283,"(1990, 2000]",NO,2778
284,"(1930, 1940]",FI,2770
285,"(1930, 1940]",XWW,2759
286,"(1990, 2000]",PH,2754
287,"(1960, 1970]",BE,2742
288,"(1950, 1960]",AT,2737
289,"(1980, 1990]",NL,2721
290,"(1900, 1910]",IT,2703
291,"(1940, 1950]",XWW,2642
292,"(1970, 1980]",DDDE,2638
293,"(1920, 1930]",PT,2626
294,"(1950, 1960]",AR,2606
295,"(1990, 2000]",TW,2579
296,"(1930, 1940]",HU,2568
297,"(1960, 1970]",HK,2556
298,"(2000, 2010]",CH,2541
299,"(1990, 2000]",CZ,2539
300,"(1980, 1990]",PH,2534
301,"(2010, 2020]",EE,2511
302,"(1940, 1950]",SUHH,2508
303,"(1950, 1960]",TR,2503
304,"(1980, 1990]",CSHH,2501
305,"(2010, 2020]",PE,2478
306,"(1990, 2000]",VE,2433
307,"(1920, 1930]",ES,2431
308,"(1910, 1920]",FI,2430
309,"(1950, 1960]",XYU,2425
310,"(1960, 1970]",DDDE,2418
311,"(1970, 1980]",NL,2404
312,"(1950, 1960]",RO,2404
313,"(2010, 2020]",LV,2392
314,"(2000, 2010]",IE,2386
315,"(2010, 2020]",VE,2382
316,"(1940, 1950]",CA,2366
317,"(1970, 1980]",CSHH,2343
318,"(1980, 1990]",RU,2332
319,"(1930, 1940]",BE,2328
320,"(1930, 1940]",SUHH,2326
321,"(1910, 1920]",ES,2326
322,"(1940, 1950]",BE,2311
323,"(2010, 2020]",UY,2307
324,"(1930, 1940]",IN,2303
325,"(1970, 1980]",PH,2299
326,"(1960, 1970]",NO,2292
327,"(2000, 2010]",IR,2264
328,"(2000, 2010]",EE,2243
329,"(1930, 1940]",AT,2240
330,"(1920, 1930]",IT,2232
331,"(1960, 1970]",RO,2222
332,"(1980, 1990]",DDDE,2158
333,"(2010, 2020]",NG,2120
334,"(1990, 2000]",UA,2116
335,"(2000, 2010]",SG,2111
336,"(2000, 2010]",CL,2108
337,"(1980, 1990]",TW,2103
338,"(1950, 1960]",AU,2099
339,"(2000, 2010]",NZ,2074
340,"(1960, 1970]",PH,2070
341,"(2010, 2020]",MY,2056
342,"(1980, 1990]",XYU,2027
343,"(1970, 1980]",TW,2009
344,"(1990, 2000]",CN,2003
345,"(1990, 2000]",AT,1995
346,"(2000, 2010]",SI,1992
347,"(1940, 1950]",XWG,1981
348,"(2000, 2010]",ID,1966
349,"(1970, 1980]",BG,1904
350,"(1920, 1930]",XWW,1903
351,"(1960, 1970]",AT,1887
352,"(1920, 1930]",SE,1872
353,"(1950, 1960]",HK,1872
354,"(1990, 2000]",BE,1867
355,"(1970, 1980]",RO,1855
356,"(2000, 2010]",VN,1847
357,"(1990, 2000]",HR,1827
358,"(1960, 1970]",NL,1824
359,"(2010, 2020]",EG,1811
360,"(1970, 1980]",BE,1804
361,"(1920, 1930]",AT,1760
362,"(2010, 2020]",TH,1758
363,"(1920, 1930]",SUHH,1747
364,"(2000, 2010]",SK,1746
365,"(1980, 1990]",RS,1743
366,"(1930, 1940]",XYU,1742
367,"(1930, 1940]",PL,1735
368,"(1960, 1970]",CSHH,1702
369,"(1970, 1980]",RU,1676
370,"(1940, 1950]",HU,1661
371,"(1940, 1950]",AT,1637
372,"(1910, 1920]",HU,1626
373,"(1990, 2000]",LT,1609
374,"(1940, 1950]",PL,1608
375,"(1950, 1960]",DDDE,1607
376,"(2010, 2020]",PK,1593
377,"(1940, 1950]",AR,1580
378,"(1980, 1990]",RO,1572
379,"(1930, 1940]",MX,1551
380,"(2000, 2010]",LV,1535
381,"(1950, 1960]",NO,1533
382,"(2000, 2010]",AE,1517
383,"(2010, 2020]",BD,1504
384,"(1900, 1910]",DK,1500
385,"(1960, 1970]",BG,1499
386,"(1890, 1900]",FR,1448
387,"(1900, 1910]",DE,1443
388,"(1910, 1920]",SE,1405
389,"(1980, 1990]",AT,1394
390,"(1910, 1920]",AT,1372
391,"(1960, 1970]",RU,1370
392,"(1980, 1990]",CN,1332
393,"(1990, 2000]",IL,1329
394,"(1920, 1930]",GR,1313
395,"(2010, 2020]",XEU,1312
396,"(1950, 1960]",NL,1303
397,"(1980, 1990]",BE,1299
398,"(2000, 2010]",PE,1296
399,"(1980, 1990]",PE,1284
400,"(1980, 1990]",UA,1281
401,"(1970, 1980]",AT,1267
402,"(2000, 2010]",XEU,1255
403,"(1960, 1970]",KR,1245
404,"(1910, 1920]",XWW,1221
405,"(1980, 1990]",VE,1192
406,"(1920, 1930]",IN,1180
407,"(1970, 1980]",KR,1153
408,"(2000, 2010]",UY,1152
409,"(2010, 2020]",BA,1141
410,"(1930, 1940]",CA,1139
411,"(2000, 2010]",ZA,1124
412,"(1990, 2000]",CH,1122
413,"(1920, 1930]",HU,1117
414,"(1990, 2000]",SI,1108
415,"(1920, 1930]",PL,1107
416,"(1960, 1970]",TW,1096
417,"(1970, 1980]",IR,1094
418,"(1940, 1950]",RO,1086
419,"(1980, 1990]",ZA,1079
420,"(1940, 1950]",AU,1063
421,"(1900, 1910]",BR,1060
422,"(1920, 1930]",FI,1059
423,"(2000, 2010]",CO,1053
424,"(1930, 1940]",AR,1039
425,"(1990, 2000]",IR,1010
426,"(1950, 1960]",PH,990
427,"(1980, 1990]",KR,988
428,"(1990, 2000]",SK,987
429,"(1940, 1950]",XYU,986
430,"(1940, 1950]",NO,979
431,"(1930, 1940]",NL,973
432,"(2010, 2020]",LB,959
433,"(2010, 2020]",TN,954
434,"(2010, 2020]",DO,953
435,"(1970, 1980]",VE,951
436,"(2010, 2020]",IS,950
437,"(1990, 2000]",KR,936
438,"(1950, 1960]",BG,905
439,"(1910, 1920]",RU,902
440,"(1970, 1980]",RS,892
441,"(1930, 1940]",HK,878
442,"(1990, 2000]",EE,870
443,"(1910, 1920]",BR,868
444,"(1910, 1920]",PT,839
445,"(1990, 2000]",SG,831
446,"(1960, 1970]",IR,824
447,"(2010, 2020]",EC,823
448,"(1930, 1940]",NO,817
449,"(1990, 2000]",NZ,808
450,"(2000, 2010]",TH,802
451,"(1980, 1990]",LT,793
452,"(1990, 2000]",IE,786
453,"(1920, 1930]",BE,786
454,"(1990, 2000]",ID,776
455,"(1990, 2000]",SUHH,774
456,"(2010, 2020]",UZ,772
457,"(1950, 1960]",RU,767
458,"(2010, 2020]",PR,763
459,"(1980, 1990]",UY,760
460,"(2000, 2010]",CU,756
461,"(1970, 1980]",UA,756
462,"(2010, 2020]",NP,755
463,"(2000, 2010]",EG,754
464,"(1950, 1960]",CSHH,752
465,"(1990, 2000]",VN,747
466,"(1940, 1950]",NL,742
467,"(1980, 1990]",ID,740
468,"(1980, 1990]",CZ,740
469,"(1990, 2000]",PE,731
470,"(1930, 1940]",CSHH,730
471,"(1940, 1950]",HK,724
472,"(1980, 1990]",IR,716
473,"(2000, 2010]",MY,696
474,"(1920, 1930]",AR,695
475,"(1980, 1990]",CH,693
476,"(1970, 1980]",PE,693
477,"(1960, 1970]",VE,679
478,"(1990, 2000]",UY,674
479,"(1950, 1960]",VE,673
480,"(1990, 2000]",XEU,668
481,"(1990, 2000]",CL,667
482,"(1990, 2000]",AE,660
483,"(1940, 1950]",TR,655
484,"(1980, 1990]",XEU,650
485,"(1900, 1910]",ES,644
486,"(1960, 1970]",RS,643
487,"(1900, 1910]",JP,642
488,"(1960, 1970]",UA,637
489,"(1980, 1990]",SI,632
490,"(1910, 1920]",NL,622
491,"(2010, 2020]",GE,615
492,"(1970, 1980]",CH,611
493,"(1980, 1990]",HR,608
494,"(1970, 1980]",SI,608
495,"(2010, 2020]",LK,605
496,"(1970, 1980]",XEU,601
497,"(1910, 1920]",PL,591
498,"(1950, 1960]",EG,589
499,"(1930, 1940]",TR,587
500,"(2010, 2020]",MA,585
501,"(1930, 1940]",AU,577
502,"(1900, 1910]",XWW,572
503,"(1970, 1980]",UY,571
504,"(1980, 1990]",IL,567
505,"(2000, 2010]",BA,556
506,"(1930, 1940]",SI,554
507,"(1930, 1940]",XWG,551
508,"(2010, 2020]",AL,548
509,"(1970, 1980]",PK,544
510,"(2010, 2020]",CU,542
511,"(1900, 1910]",FI,540
512,"(1970, 1980]",LT,528
513,"(1970, 1980]",CO,512
514,"(1960, 1970]",EG,507
515,"(1990, 2000]",CO,505
516,"(1950, 1960]",CL,504
517,"(1980, 1990]",SG,502
518,"(1960, 1970]",CH,499
519,"(2010, 2020]",DZ,496
520,"(1920, 1930]",NO,493
521,"(2000, 2010]",IS,492
522,"(1920, 1930]",CA,490
523,"(1990, 2000]",CSHH,473
524,"(1960, 1970]",UY,464
525,"(2010, 2020]",AZ,462
526,"(2010, 2020]",LU,460
527,"(1990, 2000]",YUCS,456
528,"(1940, 1950]",PH,456
529,"(1980, 1990]",CO,456
530,"(1930, 1940]",HR,449
531,"(1980, 1990]",EG,445
532,"(2000, 2010]",DO,442
533,"(2010, 2020]",CY,440
534,"(1960, 1970]",CO,438
535,"(1960, 1970]",PK,437
536,"(2010, 2020]",CR,437
537,"(1940, 1950]",VE,435
538,"(1950, 1960]",CN,435
539,"(1940, 1950]",BG,434
540,"(1970, 1980]",ID,432
541,"(2010, 2020]",KZ,430
542,"(1940, 1950]",EG,430
543,"(1950, 1960]",UA,429
544,"(1950, 1960]",IR,428
545,"(1960, 1970]",IE,428
546,"(2000, 2010]",PK,424
547,"(1990, 2000]",ZA,423
548,"(1980, 1990]",PK,418
549,"(1890, 1900]",DE,416
550,"(1990, 2000]",PK,415
551,"(2010, 2020]",AM,413
552,"(2010, 2020]",KE,411
553,"(1900, 1910]",RU,409
554,"(1970, 1980]",AL,409
555,"(2010, 2020]",BY,409
556,"(2000, 2010]",UZ,408
557,"(1970, 1980]",SG,406
558,"(1980, 1990]",SK,404
559,"(2000, 2010]",BD,403
560,"(1920, 1930]",RU,402
561,"(1920, 1930]",AU,398
562,"(1930, 1940]",RO,395
563,"(1980, 1990]",CL,395
564,"(1970, 1980]",ZA,393
565,"(1970, 1980]",HR,386
566,"(1920, 1930]",CSHH,381
567,"(2000, 2010]",PR,381
568,"(1950, 1960]",UY,377
569,"(1940, 1950]",CSHH,377
570,"(2000, 2010]",GE,376
571,"(2010, 2020]",MK,375
572,"(1980, 1990]",NZ,374
573,"(1960, 1970]",CL,372
574,"(1930, 1940]",RU,368
575,"(2010, 2020]",SA,367
576,"(1950, 1960]",RS,366
577,"(1960, 1970]",LT,366
578,"(1970, 1980]",CZ,360
579,"(1920, 1930]",NL,355
580,"(2010, 2020]",XAS,355
581,"(1920, 1930]",MX,355
582,"(1970, 1980]",IE,354
583,"(1970, 1980]",CN,349
584,"(1940, 1950]",RU,342
585,"(1960, 1970]",SI,341
586,"(1970, 1980]",CL,340
587,"(1920, 1930]",XYU,339
588,"(1970, 1980]",EG,335
589,"(1990, 2000]",EG,335
590,"(1960, 1970]",PE,323
591,"(1970, 1980]",IL,322
592,"(1910, 1920]",BE,321
593,"(1980, 1990]",VN,320
594,"(2010, 2020]",QA,316
595,"(1980, 1990]",AE,315
596,"(1950, 1960]",TW,314
597,"(1910, 1920]",AU,313
598,"(1930, 1940]",VE,308
599,"(1970, 1980]",NZ,308
600,"(1940, 1950]",UA,306
601,"(1930, 1940]",PH,304
602,"(1900, 1910]",MX,304
603,"(1960, 1970]",XEU,304
604,"(1990, 2000]",MY,303
605,"(2010, 2020]",BO,300
606,"(1980, 1990]",AL,296
607,"(2000, 2010]",LI,292
608,"(1950, 1960]",ZA,291
609,"(2000, 2010]",AL,286
610,"(1960, 1970]",SG,285
611,"(1990, 2000]",XWG,284
612,"(1930, 1940]",BG,283
613,"(1980, 1990]",IE,283
614,"(2010, 2020]",LI,281
615,"(1930, 1940]",CN,279
616,"(1960, 1970]",CN,277
617,"(2010, 2020]",PA,277
618,"(1960, 1970]",HR,276
619,"(1940, 1950]",CL,274
620,"(2010, 2020]",UG,272
621,"(1950, 1960]",PK,269
622,"(1990, 2000]",CU,269
623,"(1990, 2000]",DO,267
624,"(1950, 1960]",IE,264
625,"(1910, 1920]",MX,262
626,"(2010, 2020]",IQ,255
627,"(1900, 1910]",AT,254
628,"(1990, 2000]",BD,246
629,"(1980, 1990]",EE,240
630,"(2010, 2020]",MT,239
631,"(1890, 1900]",RU,238
632,"(1980, 1990]",BD,232
633,"(1940, 1950]",UY,230
634,"(1960, 1970]",ZA,229
635,"(1950, 1960]",SI,228
636,"(1960, 1970]",CZ,227
637,"(1970, 1980]",SK,227
638,"(1920, 1930]",BG,227
639,"(2010, 2020]",JO,227
640,"(1990, 2000]",IS,225
641,"(2010, 2020]",MN,225
642,"(1950, 1960]",KR,220
643,"(1950, 1960]",CH,220
644,"(1950, 1960]",NZ,218
645,"(1920, 1930]",UA,218
646,"(2000, 2010]",LB,216
647,"(1930, 1940]",UY,216
648,"(1900, 1910]",HU,215
649,"(2010, 2020]",SY,214
650,"(2000, 2010]",MA,212
651,"(1920, 1930]",CN,212
652,"(2010, 2020]",JM,211
653,"(2000, 2010]",TN,211
654,"(1980, 1990]",CU,210
655,"(2010, 2020]",TT,210
656,"(1950, 1960]",HR,209
657,"(2000, 2010]",YUCS,209
658,"(1940, 1950]",SI,207
659,"(1920, 1930]",RO,206
660,"(2010, 2020]",KW,206
661,"(2000, 2010]",CY,204
662,"(1960, 1970]",IL,204
663,"(1940, 1950]",RS,203
664,"(1940, 1950]",CN,202
665,"(2010, 2020]",SM,202
666,"(1960, 1970]",AL,201
667,"(1950, 1960]",LT,198
668,"(2010, 2020]",XWG,198
669,"(2000, 2010]",LK,197
670,"(1970, 1980]",AE,197
671,"(2000, 2010]",NP,196
672,"(2000, 2010]",XAS,195
673,"(1980, 1990]",DO,195
674,"(1950, 1960]",SG,194
675,"(1990, 2000]",LV,194
676,"(1930, 1940]",CH,194
677,"(2010, 2020]",GT,191
678,"(2010, 2020]",KP,189
679,"(1920, 1930]",TR,188
680,"(1960, 1970]",BD,184
681,"(2010, 2020]",GH,183
682,"(1970, 1980]",CU,181
683,"(1990, 2000]",TH,181
684,"(1970, 1980]",BD,181
685,"(1940, 1950]",DDDE,179
686,"(1990, 2000]",XYU,178
687,"(1980, 1990]",IS,176
688,"(1960, 1970]",NZ,174
689,"(1980, 1990]",TH,172
690,"(1940, 1950]",IE,172
691,"(2010, 2020]",PY,171
692,"(1970, 1980]",TH,171
693,"(1910, 1920]",NO,168
694,"(2000, 2010]",EC,167
695,"(1990, 2000]",GE,165
696,"(2000, 2010]",AM,164
697,"(2000, 2010]",MK,164
698,"(1920, 1930]",RS,163
699,"(2010, 2020]",KH,163
700,"(1990, 2000]",UZ,163
701,"(1950, 1960]",CZ,161
702,"(2010, 2020]",MM,159
703,"(1970, 1980]",VN,158
704,"(1940, 1950]",CH,158
705,"(1900, 1910]",BE,156
706,"(1910, 1920]",IN,156
707,"(2010, 2020]",XKV,156
708,"(1910, 1920]",VE,155
709,"(2000, 2010]",KP,155
710,"(1960, 1970]",CU,154
711,"(1980, 1990]",MY,154
712,"(1960, 1970]",SK,152
713,"(1930, 1940]",UA,152
714,"(1910, 1920]",RO,151
715,"(2010, 2020]",MD,149
716,"(1950, 1960]",PE,149
717,"(1990, 2000]",NG,147
718,"(1960, 1970]",ID,147
719,"(1970, 1980]",EE,146
720,"(2000, 2010]",AZ,144
721,"(2010, 2020]",ME,144
722,"(2000, 2010]",GH,143
723,"(1920, 1930]",VE,143
724,"(2000, 2010]",DZ,141
725,"(1940, 1950]",HR,141
726,"(1920, 1930]",IE,140
727,"(2000, 2010]",LU,140
728,"(1950, 1960]",CO,138
729,"(1970, 1980]",MY,138
730,"(1890, 1900]",HU,137
731,"(1930, 1940]",RS,137
732,"(2000, 2010]",BY,136
733,"(2010, 2020]",AF,135
734,"(1950, 1960]",ID,135
735,"(1990, 2000]",BA,134
736,"(1910, 1920]",CA,133
737,"(1910, 1920]",CSHH,133
738,"(1890, 1900]",XWW,133
739,"(2000, 2010]",SY,132
740,"(1930, 1940]",EG,132
741,"(1960, 1970]",LK,130
742,"(1920, 1930]",XWG,130
743,"(2000, 2010]",CR,128
744,"(2010, 2020]",PS,127
745,"(1940, 1950]",NZ,126
746,"(1900, 1910]",NL,126
747,"(2000, 2010]",PA,126
748,"(1890, 1900]",BR,123
749,"(1990, 2000]",AL,123
750,"(1910, 1920]",GR,122
751,"(2010, 2020]",CM,121
752,"(1990, 2000]",KP,121
753,"(1910, 1920]",AR,121
754,"(1940, 1950]",ZA,121
755,"(1890, 1900]",IT,119
756,"(1940, 1950]",CZ,118
757,"(2000, 2010]",XWG,118
758,"(1990, 2000]",LK,113
759,"(1890, 1900]",MX,113
760,"(2010, 2020]",BH,111
761,"(1940, 1950]",IR,111
762,"(2000, 2010]",BO,110
763,"(2010, 2020]",CG,110
764,"(1920, 1930]",HK,109
765,"(1910, 1920]",RS,108
766,"(1970, 1980]",IS,108
767,"(1910, 1920]",CZ,108
768,"(2000, 2010]",CSXX,108
769,"(1910, 1920]",BG,107
770,"(1920, 1930]",SI,106
771,"(1960, 1970]",EE,105
772,"(2010, 2020]",KG,105
773,"(1910, 1920]",TR,104
774,"(1920, 1930]",EE,103
775,"(1900, 1910]",SE,100
776,"(1960, 1970]",MY,99
777,"(1970, 1980]",DO,98
778,"(1910, 1920]",XYU,98
779,"(2000, 2010]",KZ,96
780,"(2010, 2020]",SN,96
781,"(1960, 1970]",VN,96
782,"(1890, 1900]",ES,95
783,"(1990, 2000]",BY,93
784,"(1950, 1960]",XEU,93
785,"(2010, 2020]",HT,92
786,"(1980, 1990]",KP,91
787,"(1990, 2000]",CY,91
788,"(1920, 1930]",CH,90
789,"(1930, 1940]",IE,90
790,"(1970, 1980]",LK,89
791,"(1990, 2000]",PR,88
792,"(2000, 2010]",MT,87
793,"(1960, 1970]",AE,87
794,"(2010, 2020]",TZ,87
795,"(1990, 2000]",MK,86
796,"(2010, 2020]",HN,86
797,"(2000, 2010]",KE,86
798,"(1960, 1970]",DO,85
799,"(1980, 1990]",LK,85
800,"(1940, 1950]",TW,84
801,"(2010, 2020]",GP,84
802,"(2010, 2020]",GI,83
803,"(1950, 1960]",SK,83
804,"(1950, 1960]",LK,82
805,"(1990, 2000]",XAS,82
806,"(1910, 1920]",UA,82
807,"(1920, 1930]",CL,82
808,"(1950, 1960]",AL,82
809,"(2010, 2020]",XSA,81
810,"(1890, 1900]",PL,81
811,"(1960, 1970]",LB,81
812,"(1980, 1990]",LV,79
813,"(1990, 2000]",AZ,79
814,"(1890, 1900]",JP,79
815,"(2010, 2020]",BS,79
816,"(2000, 2010]",PS,77
817,"(2010, 2020]",SV,77
818,"(2010, 2020]",MC,77
819,"(1940, 1950]",SG,76
820,"(2010, 2020]",ET,76
821,"(1900, 1910]",PL,76
822,"(2010, 2020]",MO,76
823,"(1930, 1940]",CZ,75
824,"(1890, 1900]",PT,73
825,"(2000, 2010]",JM,73
826,"(1950, 1960]",IL,73
827,"(1940, 1950]",LT,73
828,"(1920, 1930]",XEU,72
829,"(1930, 1940]",ID,72
830,"(2000, 2010]",PY,71
831,"(1950, 1960]",MY,71
832,"(1990, 2000]",KZ,71
833,"(1920, 1930]",UY,70
834,"(1900, 1910]",GR,70
835,"(2000, 2010]",XKV,70
836,"(2010, 2020]",BF,69
837,"(1920, 1930]",HR,69
838,"(1980, 1990]",CY,69
839,"(1920, 1930]",JM,67
840,"(1980, 1990]",PR,67
841,"(1900, 1910]",IN,65
842,"(1970, 1980]",DZ,65
843,"(2000, 2010]",BF,65
844,"(2010, 2020]",ZW,64
845,"(1960, 1970]",PR,64
846,"(1950, 1960]",CU,64
847,"(1990, 2000]",NP,63
848,"(1930, 1940]",TW,62
849,"(1940, 1950]",JM,62
850,"(2010, 2020]",NI,62
851,"(1940, 1950]",IL,62
852,"(1920, 1930]",XKO,62
853,"(2000, 2010]",GT,61
854,"(1920, 1930]",PH,61
855,"(1900, 1910]",RO,61
856,"(1950, 1960]",PA,61
857,"(1930, 1940]",LT,61
858,"(1990, 2000]",AM,60
859,"(1970, 1980]",PR,60
860,"(1930, 1940]",PE,60
861,"(1980, 1990]",XAS,60
862,"(2000, 2010]",CM,60
863,"(1970, 1980]",XAS,59
864,"(1960, 1970]",PA,59
865,"(2010, 2020]",CI,59
866,"(2000, 2010]",JO,58
867,"(2000, 2010]",SA,58
868,"(2000, 2010]",SN,57
869,"(1910, 1920]",CH,57
870,"(2010, 2020]",MZ,56
871,"(1930, 1940]",CL,56
872,"(1930, 1940]",XKO,55
873,"(1940, 1950]",CO,55
874,"(2010, 2020]",CD,54
875,"(2010, 2020]",GU,54
876,"(2010, 2020]",FO,53
877,"(2000, 2010]",GI,53
878,"(1950, 1960]",VN,53
879,"(1930, 1940]",JM,52
880,"(1900, 1910]",AU,52
881,"(2010, 2020]",AO,52
882,"(2000, 2010]",VI,51
883,"(1890, 1900]",BE,51
884,"(1990, 2000]",TN,51
885,"(1890, 1900]",GR,50
886,"(1950, 1960]",KP,50
887,"(2000, 2010]",IQ,50
888,"(1900, 1910]",AR,50
889,"(1960, 1970]",IS,49
890,"(2010, 2020]",SD,48
891,"(1920, 1930]",CZ,47
892,"(1880, 1890]",Non connu,46
893,"(2000, 2010]",QA,46
894,"(1990, 2000]",MA,46
895,"(1960, 1970]",DZ,45
896,"(1970, 1980]",LB,45
897,"(1940, 1950]",PE,45
898,"(1990, 2000]",BO,45
899,"(1990, 2000]",DZ,44
900,"(2010, 2020]",RW,44
901,"(2000, 2010]",KH,44
902,"(1930, 1940]",IL,43
903,"(1930, 1940]",XEU,43
904,"(1940, 1950]",ID,43
905,"(2010, 2020]",BJ,43
906,"(1890, 1900]",UA,43
907,"(2010, 2020]",VI,43
908,"(1990, 2000]",BF,43
909,"(2010, 2020]",MU,43
910,"(1920, 1930]",SK,42
911,"(1930, 1940]",SK,42
912,"(1920, 1930]",NZ,42
913,"(2000, 2010]",HT,42
914,"(1980, 1990]",UZ,41
915,"(2010, 2020]",MV,41
916,"(2000, 2010]",TT,40
917,"(1940, 1950]",XEU,40
918,"(2010, 2020]",BB,40
919,"(1980, 1990]",DZ,40
920,"(1930, 1940]",SG,39
921,"(1960, 1970]",TH,39
922,"(2000, 2010]",AF,39
923,"(1920, 1930]",BO,39
924,"(2010, 2020]",LY,39
925,"(1910, 1920]",ZA,39
926,"(1890, 1900]",FI,39
927,"(1940, 1950]",SK,38
928,"(2010, 2020]",KY,38
929,"(2010, 2020]",XKO,38
930,"(1930, 1940]",IR,38
931,"(1990, 2000]",PY,38
932,"(1990, 2000]",SN,37
933,"(1930, 1940]",ZA,37
934,"(1940, 1950]",PK,37
935,"(1930, 1940]",NZ,37
936,"(1980, 1990]",KW,37
937,"(2010, 2020]",BT,36
938,"(2010, 2020]",GL,36
939,"(1990, 2000]",LU,36
940,"(1990, 2000]",PA,36
941,"(1910, 1920]",SUHH,35
942,"(1910, 1920]",SK,35
943,"(1950, 1960]",PR,35
944,"(1900, 1910]",PT,35
945,"(1920, 1930]",EC,35
946,"(1910, 1920]",IE,35
947,"(1970, 1980]",SN,35
948,"(2010, 2020]",LA,34
949,"(1970, 1980]",KP,34
950,"(1960, 1970]",KH,34
951,"(1890, 1900]",DK,34
952,"(1950, 1960]",EE,34
953,"(2000, 2010]",MC,33
954,"(2000, 2010]",XSA,33
955,"(1900, 1910]",CA,33
956,"(1910, 1920]",XWG,33
957,"(1990, 2000]",SY,33
958,"(2000, 2010]",KW,32
959,"(1940, 1950]",MY,32
960,"(1990, 2000]",LB,32
961,"(2010, 2020]",YE,32
962,"(1980, 1990]",EC,32
963,"(1980, 1990]",NG,32
964,"(1920, 1930]",EG,32
965,"(1890, 1900]",RO,32
966,"(2010, 2020]",MQ,32
967,"(1970, 1980]",SY,32
968,"(1900, 1910]",MK,31
969,"(1960, 1970]",LV,31
970,"(2010, 2020]",AN,31
971,"(1960, 1970]",KP,31
972,"(2000, 2010]",AO,30
973,"(2000, 2010]",MZ,30
974,"(1920, 1930]",ZA,29
975,"(1970, 1980]",UZ,29
976,"(1980, 1990]",SN,29
977,"(1970, 1980]",PA,29
978,"(1980, 1990]",TN,29
979,"(1960, 1970]",GE,28
980,"(1950, 1960]",AE,28
981,"(2000, 2010]",BS,28
982,"(2010, 2020]",OM,28
983,"(1890, 1900]",IN,28
984,"(1880, 1890]",US,28
985,"(1930, 1940]",DDDE,28
986,"(1890, 1900]",CA,28
987,"(1990, 2000]",EC,28
988,"(1980, 1990]",LU,28
989,"(1910, 1920]",XEU,27
990,"(1970, 1980]",CY,27
991,"(2000, 2010]",UG,27
992,"(2000, 2010]",KG,27
993,"(1970, 1980]",GE,27
994,"(1970, 1980]",NG,26
995,"(1970, 1980]",LV,26
996,"(1920, 1930]",ID,26
997,"(2000, 2010]",RW,26
998,"(2000, 2010]",MN,25
999,"(2000, 2010]",SV,25
1000,"(1900, 1910]",VE,25
1001,"(1910, 1920]",CL,25
1002,"(1990, 2000]",CR,25
1003,"(1980, 1990]",BF,25
1004,"(2000, 2010]",MD,25
1005,"(1910, 1920]",PH,25
1006,"(2010, 2020]",SL,24
1007,"(1940, 1950]",BD,24
1008,"(1980, 1990]",PA,24
1009,"(1940, 1950]",CU,24
1010,"(2010, 2020]",ZM,24
1011,"(1980, 1990]",LB,24
1012,"(1960, 1970]",VDVN,24
1013,"(1970, 1980]",TN,24
1014,"(1920, 1930]",PE,24
1015,"(2000, 2010]",ME,23
1016,"(2010, 2020]",MG,23
1017,"(1980, 1990]",CM,23
1018,"(1980, 1990]",GE,23
1019,"(1920, 1930]",CO,23
1020,"(1930, 1940]",EE,23
1021,"(2000, 2010]",ET,23
1022,"(1990, 2000]",JM,23
1023,"(1980, 1990]",BO,23
1024,"(1990, 2000]",MT,23
1025,"(1980, 1990]",BA,23
1026,"(2010, 2020]",TJ,23
1027,"(1920, 1930]",LT,22
1028,"(1980, 1990]",JM,22
1029,"(2000, 2010]",CSHH,22
1030,"(1900, 1910]",RS,22
1031,"(1890, 1900]",AU,22
1032,"(1940, 1950]",VN,22
1033,"(2000, 2010]",CG,22
1034,"(2010, 2020]",FJ,22
1035,"(2010, 2020]",CSHH,22
1036,"(2000, 2010]",ZW,22
1037,"(1980, 1990]",MA,22
1038,"(2000, 2010]",BJ,21
1039,"(1890, 1900]",NL,21
1040,"(1990, 2000]",XKO,21
1041,"(2000, 2010]",BH,21
1042,"(1980, 1990]",AF,21
1043,"(1970, 1980]",KH,21
1044,"(1970, 1980]",JM,21
1045,"(2010, 2020]",PF,21
1046,"(1940, 1950]",XKO,20
1047,"(1940, 1950]",KR,20
1048,"(2000, 2010]",NI,20
1049,"(1950, 1960]",GE,20
1050,"(2010, 2020]",MW,20
1051,"(1930, 1940]",MY,20
1052,"(1920, 1930]",MY,19
1053,"(1970, 1980]",LU,19
1054,"(2010, 2020]",AW,19
1055,"(1970, 1980]",KW,19
1056,"(2010, 2020]",SZ,19
1057,"(2000, 2010]",CI,19
1058,"(2010, 2020]",TG,19
1059,"(1960, 1970]",TN,19
1060,"(1950, 1960]",IS,19
1061,"(2000, 2010]",ZM,19
1062,"(2000, 2010]",MV,19
1063,"(1990, 2000]",KH,18
1064,"(2000, 2010]",TZ,18
1065,"(1940, 1950]",PA,18
1066,"(2010, 2020]",BZ,18
1067,"(1910, 1920]",CN,18
1068,"(1980, 1990]",XKO,18
1069,"(1980, 1990]",NP,18
1070,"(1980, 1990]",SY,18
1071,"(1980, 1990]",IQ,18
1072,"(1950, 1960]",MN,18
1073,"(2010, 2020]",LR,18
1074,"(2000, 2010]",BI,18
1075,"(1930, 1940]",IS,18
1076,"(1960, 1970]",UZ,18
1077,"(2010, 2020]",GA,18
1078,"(1990, 2000]",XSA,18
1079,"(2010, 2020]",RE,17
1080,"(2010, 2020]",BW,17
1081,"(2010, 2020]",ML,17
1082,"(1960, 1970]",MN,17
1083,"(1950, 1960]",LB,17
1084,"(2000, 2010]",HN,17
1085,"(2010, 2020]",BN,17
1086,"(1950, 1960]",DO,17
1087,"(1920, 1930]",TW,17
1088,"(2000, 2010]",XYU,17
1089,"(2000, 2010]",MO,16
1090,"(2010, 2020]",TL,16
1091,"(1900, 1910]",BG,16
1092,"(1920, 1930]",DDDE,16
1093,"(1920, 1930]",VN,16
1094,"(1930, 1940]",CU,16
1095,"(1990, 2000]",IQ,16
1096,"(1980, 1990]",MU,16
1097,"(2010, 2020]",BI,16
1098,"(2010, 2020]",YUCS,16
1099,"(1970, 1980]",BO,16
1100,"(1980, 1990]",MK,16
1101,"(1970, 1980]",AZ,16
1102,"(1960, 1970]",SN,16
1103,"(2010, 2020]",IM,15
1104,"(2000, 2010]",XKO,15
1105,"(1880, 1890]",RU,15
1106,"(1960, 1970]",EC,15
1107,"(1970, 1980]",CM,15
1108,"(1960, 1970]",XAS,15
1109,"(1890, 1900]",RS,15
1110,"(1960, 1970]",LU,15
1111,"(1880, 1890]",DE,15
1112,"(2010, 2020]",BM,15
1113,"(1970, 1980]",BY,14
1114,"(1910, 1920]",VN,14
1115,"(1920, 1930]",CU,14
1116,"(2010, 2020]",SUHH,14
1117,"(1990, 2000]",MD,14
1118,"(1940, 1950]",AL,14
1119,"(1990, 2000]",GH,14
1120,"(1910, 1920]",SI,14
1121,"(2010, 2020]",AG,14
1122,"(1900, 1910]",CU,14
1123,"(1980, 1990]",PY,14
1124,"(2010, 2020]",SR,14
1125,"(1980, 1990]",AZ,14
1126,"(1910, 1920]",BO,14
1127,"(1990, 2000]",CM,14
1128,"(1970, 1980]",MA,14
1129,"(2010, 2020]",TM,14
1130,"(2010, 2020]",BUMM,14
1131,"(1990, 2000]",KG,14
1132,"(1970, 1980]",VDVN,14
1133,"(1910, 1920]",HK,13
1134,"(1880, 1890]",GB,13
1135,"(1990, 2000]",CI,13
1136,"(1990, 2000]",TM,13
1137,"(2000, 2010]",CD,13
1138,"(1900, 1910]",HK,13
1139,"(1990, 2000]",MN,13
1140,"(2010, 2020]",NE,13
1141,"(1910, 1920]",GE,13
1142,"(1990, 2000]",BI,13
1143,"(1970, 1980]",NE,13
1144,"(2010, 2020]",AD,13
1145,"(1900, 1910]",CN,13
1146,"(2000, 2010]",ML,13
1147,"(1920, 1930]",SG,13
1148,"(2000, 2010]",GL,13
1149,"(1970, 1980]",BA,13
1150,"(2000, 2010]",BT,13
1151,"(1970, 1980]",AO,13
1152,"(1990, 2000]",AF,12
1153,"(1990, 2000]",CD,12
1154,"(1920, 1930]",IR,12
1155,"(1930, 1940]",CO,12
1156,"(2000, 2010]",FJ,12
1157,"(1980, 1990]",MZ,12
1158,"(1980, 1990]",CI,12
1159,"(1940, 1950]",TH,12
1160,"(1950, 1960]",BD,12
1161,"(1990, 2000]",ZW,12
1162,"(1980, 1990]",ML,12
1163,"(2000, 2010]",MU,12
1164,"(2010, 2020]",XYU,12
1165,"(1940, 1950]",EE,12
1166,"(1930, 1940]",VN,12
1167,"(1930, 1940]",XPI,12
1168,"(1890, 1900]",CH,11
1169,"(1990, 2000]",NI,11
1170,"(1890, 1900]",UY,11
1171,"(2000, 2010]",NE,11
1172,"(1990, 2000]",HT,11
1173,"(1970, 1980]",AF,11
1174,"(1990, 2000]",SA,11
1175,"(1990, 2000]",MC,11
1176,"(1990, 2000]",ML,11
1177,"(1960, 1970]",CR,11
1178,"(1960, 1970]",BY,11
1179,"(1940, 1950]",AE,11
1180,"(1980, 1990]",KZ,11
1181,"(1970, 1980]",XSA,11
1182,"(2000, 2010]",AW,11
1183,"(2010, 2020]",DM,11
1184,"(2010, 2020]",GM,11
1185,"(1960, 1970]",MA,11
1186,"(2000, 2010]",TG,11
1187,"(1980, 1990]",XSA,11
1188,"(2010, 2020]",CV,11
1189,"(1920, 1930]",PY,11
1190,"(1980, 1990]",ET,11
1191,"(1990, 2000]",TJ,11
1192,"(1980, 1990]",BY,11
1193,"(1960, 1970]",BA,11
1194,"(1970, 1980]",PY,10
1195,"(1900, 1910]",UA,10
1196,"(1970, 1980]",AM,10
1197,"(1950, 1960]",TH,10
1198,"(2000, 2010]",SL,10
1199,"(1990, 2000]",MZ,10
1200,"(2010, 2020]",GY,10
1201,"(2000, 2010]",SD,10
1202,"(1960, 1970]",LA,10
1203,"(2010, 2020]",PG,10
1204,"(1970, 1980]",ML,10
1205,"(1950, 1960]",IQ,10
1206,"(1910, 1920]",MK,10
1207,"(2010, 2020]",SO,10
1208,"(1980, 1990]",NI,9
1209,"(1980, 1990]",AO,9
1210,"(1930, 1940]",AE,9
1211,"(1970, 1980]",GA,9
1212,"(1930, 1940]",TH,9
1213,"(2010, 2020]",GW,9
1214,"(2000, 2010]",BM,9
1215,"(2000, 2010]",BZ,9
1216,"(1940, 1950]",LK,9
1217,"(1980, 1990]",LA,9
1218,"(1950, 1960]",JM,9
1219,"(2000, 2010]",TJ,9
1220,"(2000, 2010]",TD,9
1221,"(1960, 1970]",AM,9
1222,"(1970, 1980]",LA,9
1223,"(2000, 2010]",SUHH,9
1224,"(2010, 2020]",TD,9
1225,"(1960, 1970]",IQ,9
1226,"(1930, 1940]",BD,8
1227,"(2000, 2010]",OM,8
1228,"(1990, 2000]",AO,8
1229,"(1900, 1910]",NO,8
1230,"(1970, 1980]",KE,8
1231,"(1980, 1990]",GH,8
1232,"(1960, 1970]",NE,8
1233,"(1880, 1890]",HU,8
1234,"(1910, 1920]",UY,8
1235,"(1940, 1950]",IS,8
1236,"(1970, 1980]",MC,8
1237,"(1960, 1970]",PY,8
1238,"(1980, 1990]",AM,8
1239,"(2010, 2020]",ER,8
1240,"(2000, 2010]",BUMM,8
1241,"(2010, 2020]",MH,8
1242,"(1990, 2000]",GN,8
1243,"(2000, 2010]",MG,8
1244,"(1960, 1970]",CM,8
1245,"(2000, 2010]",YE,8
1246,"(1990, 2000]",GT,8
1247,"(2000, 2010]",BB,8
1248,"(1980, 1990]",TT,8
1249,"(2000, 2010]",GA,8
1250,"(2010, 2020]",MR,7
1251,"(2010, 2020]",LS,7
1252,"(2000, 2010]",LA,7
1253,"(2010, 2020]",LC,7
1254,"(1990, 2000]",TG,7
1255,"(1970, 1980]",MK,7
1256,"(1980, 1990]",SA,7
1257,"(1980, 1990]",GN,7
1258,"(1890, 1900]",SE,7
1259,"(1990, 2000]",DDDE,7
1260,"(1910, 1920]",XKO,7
1261,"(1890, 1900]",VE,7
1262,"(1950, 1960]",DZ,7
1263,"(1970, 1980]",CR,7
1264,"(1980, 1990]",YUCS,7
1265,"(1970, 1980]",IQ,7
1266,"(1900, 1910]",CSHH,7
1267,"(1960, 1970]",CY,7
1268,"(1970, 1980]",MN,7
1269,"(1900, 1910]",CZ,7
1270,"(1960, 1970]",BO,7
1271,"(1940, 1950]",KP,7
1272,"(1940, 1950]",GE,7
1273,"(1900, 1910]",SI,7
1274,"(1900, 1910]",UY,7
1275,"(1980, 1990]",NE,7
1276,"(1950, 1960]",BJ,7
1277,"(1910, 1920]",EE,7
1278,"(1960, 1970]",JM,7
1279,"(1980, 1990]",MD,7
1280,"(1970, 1980]",MU,7
1281,"(1890, 1900]",AR,7
1282,"(1920, 1930]",XSI,7
1283,"(1890, 1900]",CSHH,7
1284,"(1930, 1940]",PA,7
1285,"(1970, 1980]",NP,7
1286,"(1950, 1960]",LU,7
1287,"(1990, 2000]",MV,7
1288,"(1950, 1960]",NG,6
1289,"(2010, 2020]",AS,6
1290,"(1980, 1990]",ZW,6
1291,"(1900, 1910]",CH,6
1292,"(1950, 1960]",CR,6
1293,"(1930, 1940]",BO,6
1294,"(1950, 1960]",LV,6
1295,"(1900, 1910]",XEU,6
1296,"(1910, 1920]",CU,6
1297,"(1940, 1950]",MA,6
1298,"(1960, 1970]",CI,6
1299,"(1930, 1940]",KR,6
1300,"(2000, 2010]",MQ,6
1301,"(1950, 1960]",BO,6
1302,"(1960, 1970]",NG,6
1303,"(2010, 2020]",NC,6
1304,"(1920, 1930]",PK,6
1305,"(1980, 1990]",BUMM,6
1306,"(1990, 2000]",PS,6
1307,"(1890, 1900]",NZ,6
1308,"(1990, 2000]",SV,6
1309,"(1930, 1940]",AL,6
1310,"(1890, 1900]",TR,6
1311,"(1930, 1940]",PK,6
1312,"(1950, 1960]",XAS,6
1313,"(1970, 1980]",BF,6
1314,"(1960, 1970]",SY,6
1315,"(1930, 1940]",MN,6
1316,"(1970, 1980]",LY,6
1317,"(2010, 2020]",AQ,6
1318,"(1970, 1980]",PG,5
1319,"(1930, 1940]",EC,5
1320,"(1960, 1970]",CG,5
1321,"(1970, 1980]",TG,5
1322,"(1920, 1930]",DO,5
1323,"(2000, 2010]",GP,5
1324,"(1910, 1920]",HR,5
1325,"(1880, 1890]",CA,5
1326,"(1930, 1940]",BUMM,5
1327,"(2000, 2010]",DM,5
1328,"(1980, 1990]",CR,5
1329,"(1980, 1990]",HT,5
1330,"(1970, 1980]",HT,5
1331,"(1910, 1920]",NZ,5
1332,"(1940, 1950]",NG,5
1333,"(1960, 1970]",GT,5
1334,"(1920, 1930]",IS,5
1335,"(2000, 2010]",GY,5
1336,"(2000, 2010]",SR,5
1337,"(1940, 1950]",XAS,5
1338,"(1980, 1990]",CF,5
1339,"(1940, 1950]",LU,5
1340,"(1910, 1920]",TW,5
1341,"(1920, 1930]",IL,5
1342,"(2000, 2010]",GN,5
1343,"(2010, 2020]",GQ,5
1344,"(1990, 2000]",AD,5
1345,"(1960, 1970]",AF,5
1346,"(1950, 1960]",EC,5
1347,"(1980, 1990]",MO,5
1348,"(1950, 1960]",GH,5
1349,"(1990, 2000]",CSXX,5
1350,"(2010, 2020]",TO,5
1351,"(1970, 1980]",CI,5
1352,"(1930, 1940]",LV,5
1353,"(1950, 1960]",TN,5
1354,"(2000, 2010]",VG,5
1355,"(2010, 2020]",VA,5
1356,"(2010, 2020]",VC,5
1357,"(2010, 2020]",VU,5
1358,"(1990, 2000]",KE,5
1359,"(1990, 2000]",KW,5
1360,"(1890, 1900]",AT,5
1361,"(1950, 1960]",PY,5
1362,"(1990, 2000]",LI,5
1363,"(1930, 1940]",XAS,5
1364,"(1990, 2000]",TT,5
1365,"(1920, 1930]",XPI,5
1366,"(1980, 1990]",SD,5
1367,"(2010, 2020]",GN,5
1368,"(2010, 2020]",SB,5
1369,"(2000, 2010]",AD,5
1370,"(1990, 2000]",ZRCD,5
1371,"(1900, 1910]",NZ,5
1372,"(1980, 1990]",SV,5
1373,"(2000, 2010]",SZ,5
1374,"(2010, 2020]",ST,5
1375,"(1970, 1980]",EC,5
1376,"(1960, 1970]",BF,5
1377,"(1910, 1920]",CO,5
1378,"(2000, 2010]",AG,5
1379,"(1970, 1980]",GH,4
1380,"(1930, 1940]",PR,4
1381,"(1970, 1980]",MZ,4
1382,"(1970, 1980]",GN,4
1383,"(1960, 1970]",XSA,4
1384,"(2010, 2020]",CK,4
1385,"(2000, 2010]",LC,4
1386,"(1960, 1970]",LI,4
1387,"(1930, 1940]",NG,4
1388,"(2010, 2020]",CF,4
1389,"(1960, 1970]",NP,4
1390,"(1930, 1940]",BA,4
1391,"(1970, 1980]",ET,4
1392,"(1940, 1950]",LB,4
1393,"(1930, 1940]",BJ,4
1394,"(1970, 1980]",MD,4
1395,"(1970, 1980]",KZ,4
1396,"(1930, 1940]",LB,4
1397,"(1980, 1990]",HN,4
1398,"(1950, 1960]",BF,4
1399,"(1960, 1970]",AZ,4
1400,"(1980, 1990]",LI,4
1401,"(1980, 1990]",LS,4
1402,"(1980, 1990]",MC,4
1403,"(1960, 1970]",KZ,4
1404,"(1900, 1910]",TR,4
1405,"(2000, 2010]",AN,4
1406,"(1900, 1910]",PY,4
1407,"(1980, 1990]",TG,4
1408,"(1900, 1910]",CL,4
1409,"(1890, 1900]",XEU,4
1410,"(1910, 1920]",LT,4
1411,"(1990, 2000]",ET,4
1412,"(1950, 1960]",GT,4
1413,"(1950, 1960]",LA,4
1414,"(1990, 2000]",GP,4
1415,"(2010, 2020]",VG,4
1416,"(1890, 1900]",CZ,4
1417,"(2010, 2020]",WS,4
1418,"(1990, 2000]",MG,4
1419,"(1950, 1960]",MA,4
1420,"(1980, 1990]",KH,4
1421,"(1960, 1970]",TM,4
1422,"(1940, 1950]",MN,4
1423,"(1980, 1990]",BJ,4
1424,"(1970, 1980]",SV,4
1425,"(2000, 2010]",FO,4
1426,"(2000, 2010]",MW,4
1427,"(1920, 1930]",PA,4
1428,"(1920, 1930]",GE,4
1429,"(1970, 1980]",XKO,4
1430,"(2000, 2010]",ER,4
1431,"(1910, 1920]",XPI,4
1432,"(1980, 1990]",CG,4
1433,"(1960, 1970]",GH,4
1434,"(1910, 1920]",PE,4
1435,"(1940, 1950]",LV,3
1436,"(2000, 2010]",NC,3
1437,"(2010, 2020]",AI,3
1438,"(1960, 1970]",TD,3
1439,"(1950, 1960]",SD,3
1440,"(1960, 1970]",JO,3
1441,"(1940, 1950]",MK,3
1442,"(1960, 1970]",MD,3
1443,"(2000, 2010]",SM,3
1444,"(1950, 1960]",UZ,3
1445,"(1960, 1970]",SV,3
1446,"(2000, 2010]",PG,3
1447,"(2010, 2020]",DDDE,3
1448,"(1940, 1950]",BJ,3
1449,"(1990, 2000]",NC,3
1450,"(1940, 1950]",EC,3
1451,"(1950, 1960]",XKO,3
1452,"(1950, 1960]",BUMM,3
1453,"(1940, 1950]",SY,3
1454,"(1960, 1970]",GN,3
1455,"(1940, 1950]",XPI,3
1456,"(1960, 1970]",MC,3
1457,"(1950, 1960]",MK,3
1458,"(1970, 1980]",SD,3
1459,"(1890, 1900]",SI,3
1460,"(1920, 1930]",DZ,3
1461,"(1990, 2000]",SD,3
1462,"(1920, 1930]",AL,3
1463,"(1990, 2000]",GA,3
1464,"(1890, 1900]",NO,3
1465,"(1890, 1900]",PH,3
1466,"(1910, 1920]",PR,3
1467,"(2010, 2020]",MP,3
1468,"(1980, 1990]",GL,3
1469,"(1980, 1990]",GW,3
1470,"(1930, 1940]",UZ,3
1471,"(1910, 1920]",IL,3
1472,"(1920, 1930]",PR,3
1473,"(1990, 2000]",TD,3
1474,"(1980, 1990]",MG,3
1475,"(1990, 2000]",BW,3
1476,"(1980, 1990]",MN,3
1477,"(1910, 1920]",DZ,3
1478,"(1910, 1920]",DDDE,3
1479,"(1990, 2000]",BUMM,3
1480,"(1980, 1990]",TM,3
1481,"(1990, 2000]",BS,3
1482,"(1990, 2000]",BM,3
1483,"(1980, 1990]",TZ,3
1484,"(1990, 2000]",TZ,3
1485,"(1900, 1910]",BO,3
1486,"(1920, 1930]",TN,3
1487,"(1930, 1940]",CM,3
1488,"(1930, 1940]",SY,3
1489,"(2010, 2020]",EH,3
1490,"(2000, 2010]",MR,3
1491,"(1960, 1970]",XKO,3
1492,"(1930, 1940]",MA,3
1493,"(1970, 1980]",BJ,3
1494,"(2000, 2010]",LY,3
1495,"(1970, 1980]",CG,3
1496,"(1970, 1980]",GT,3
1497,"(1990, 2000]",PG,3
1498,"(2000, 2010]",GQ,3
1499,"(1920, 1930]",XAS,3
1500,"(1990, 2000]",GL,3
1501,"(1930, 1940]",BF,3
1502,"(1990, 2000]",HN,3
1503,"(1970, 1980]",LI,3
1504,"(1970, 1980]",MR,3
1505,"(1890, 1900]",CU,2
1506,"(1950, 1960]",KH,2
1507,"(1890, 1900]",VN,2
1508,"(1950, 1960]",MC,2
1509,"(1950, 1960]",LI,2
1510,"(1880, 1890]",FR,2
1511,"(1880, 1890]",UA,2
1512,"(2010, 2020]",XPI,2
1513,"(1890, 1900]",IE,2
1514,"(1930, 1940]",VA,2
1515,"(1910, 1920]",JM,2
1516,"(1890, 1900]",XYU,2
1517,"(1900, 1910]",CO,2
1518,"(1940, 1950]",AZ,2
1519,"(2010, 2020]",GF,2
1520,"(1940, 1950]",DO,2
1521,"(1930, 1940]",LU,2
1522,"(1930, 1940]",DZ,2
1523,"(1930, 1940]",BY,2
1524,"(1930, 1940]",AZ,2
1525,"(1950, 1960]",MZ,2
1526,"(1920, 1930]",XSA,2
1527,"(1920, 1930]",LV,2
1528,"(1920, 1930]",BD,2
1529,"(1920, 1930]",BA,2
1530,"(1910, 1920]",XSA,2
1531,"(1910, 1920]",SG,2
1532,"(1940, 1950]",UZ,2
1533,"(1910, 1920]",IS,2
1534,"(1950, 1960]",AZ,2
1535,"(1950, 1960]",BA,2
1536,"(1900, 1910]",PE,2
1537,"(1900, 1910]",HR,2
1538,"(1950, 1960]",BY,2
1539,"(1990, 2000]",NE,2
1540,"(1950, 1960]",VDVN,2
1541,"(2000, 2010]",XPI,2
1542,"(1980, 1990]",JE,2
1543,"(2000, 2010]",IM,2
1544,"(1990, 2000]",SC,2
1545,"(2000, 2010]",GD,2
1546,"(1960, 1970]",GL,2
1547,"(1970, 1980]",QA,2
1548,"(2000, 2010]",MS,2
1549,"(1960, 1970]",TT,2
1550,"(2000, 2010]",RE,2
1551,"(2000, 2010]",KM,2
1552,"(1970, 1980]",BUMM,2
1553,"(1980, 1990]",MT,2
1554,"(1970, 1980]",GW,2
1555,"(1960, 1970]",MK,2
1556,"(1980, 1990]",PG,2
1557,"(1990, 2000]",BT,2
1558,"(1990, 2000]",TO,2
1559,"(1960, 1970]",MR,2
1560,"(1990, 2000]",BJ,2
1561,"(1970, 1980]",GY,2
1562,"(1980, 1990]",SO,2
1563,"(1990, 2000]",AW,2
1564,"(1970, 1980]",HN,2
1565,"(1970, 1980]",MT,2
1566,"(1970, 1980]",MQ,2
1567,"(1970, 1980]",MG,2
1568,"(1980, 1990]",KE,2
1569,"(1980, 1990]",SC,2
1570,"(1970, 1980]",GP,2
1571,"(1970, 1980]",SR,2
1572,"(2000, 2010]",DDDE,2
1573,"(1980, 1990]",BI,2
1574,"(2000, 2010]",CV,2
1575,"(2000, 2010]",LS,2
1576,"(2000, 2010]",LR,2
1577,"(1970, 1980]",CV,2
1578,"(1970, 1980]",GL,2
1579,"(1970, 1980]",YUCS,2
1580,"(2000, 2010]",VC,2
1581,"(2000, 2010]",VA,2
1582,"(1980, 1990]",RW,2
1583,"(1990, 2000]",LA,2
1584,"(1960, 1970]",YUCS,2
1585,"(1960, 1970]",AO,2
1586,"(2000, 2010]",TO,2
1587,"(1970, 1980]",TM,2
1588,"(2000, 2010]",TL,2
1589,"(1990, 2000]",PF,2
1590,"(1960, 1970]",BJ,2
1591,"(1990, 2000]",KM,2
1592,"(1990, 2000]",JO,2
1593,"(1990, 2000]",IM,2
1594,"(1970, 1980]",KG,2
1595,"(1900, 1910]",VN,1
1596,"(1910, 1920]",AE,1
1597,"(1900, 1910]",XYU,1
1598,"(1910, 1920]",AL,1
1599,"(2000, 2010]",AQ,1
1600,"(1980, 1990]",PS,1
1601,"(1910, 1920]",DO,1
1602,"(1910, 1920]",AZ,1
1603,"(1980, 1990]",KG,1
1604,"(1980, 1990]",DJ,1
1605,"(1980, 1990]",FO,1
1606,"(1980, 1990]",GA,1
1607,"(1980, 1990]",GI,1
1608,"(1980, 1990]",GM,1
1609,"(1910, 1920]",PA,1
1610,"(2010, 2020]",MS,1
1611,"(1980, 1990]",GY,1
1612,"(2000, 2010]",BW,1
1613,"(1980, 1990]",LC,1
1614,"(1910, 1920]",BD,1
1615,"(1910, 1920]",GL,1
1616,"(1980, 1990]",LY,1
1617,"(1910, 1920]",EG,1
1618,"(1980, 1990]",MQ,1
1619,"(1980, 1990]",MR,1
1620,"(1980, 1990]",PF,1
1621,"(1910, 1920]",CG,1
1622,"(1910, 1920]",BUMM,1
1623,"(1910, 1920]",BF,1
1624,"(1900, 1910]",TW,1
1625,"(2010, 2020]",SC,1
1626,"(2010, 2020]",PW,1
1627,"(1890, 1900]",SN,1
1628,"(2010, 2020]",TV,1
1629,"(1990, 2000]",DM,1
1630,"(1990, 2000]",SM,1
1631,"(1990, 2000]",SL,1
1632,"(1990, 2000]",FM,1
1633,"(1990, 2000]",FO,1
1634,"(1890, 1900]",LB,1
1635,"(1990, 2000]",GI,1
1636,"(1990, 2000]",GU,1
1637,"(1890, 1900]",DZ,1
1638,"(1990, 2000]",QA,1
1639,"(1990, 2000]",GW,1
1640,"(2010, 2020]",XAU,1
1641,"(1890, 1900]",BG,1
1642,"(1890, 1900]",AZ,1
1643,"(2010, 2020]",XNA,1
1644,"(1990, 2000]",OM,1
1645,"(1990, 2000]",MO,1
1646,"(1890, 1900]",AL,1
1647,"(1880, 1890]",XWW,1
1648,"(1990, 2000]",MP,1
1649,"(1880, 1890]",RS,1
1650,"(1880, 1890]",JP,1
1651,"(1880, 1890]",IN,1
1652,"(1990, 2000]",MU,1
1653,"(1890, 1900]",SK,1
1654,"(1990, 2000]",CV,1
1655,"(1980, 1990]",QA,1
1656,"(1890, 1900]",SUHH,1
1657,"(1900, 1910]",SUHH,1
1658,"(1900, 1910]",SK,1
1659,"(1980, 1990]",RE,1
1660,"(1900, 1910]",SG,1
1661,"(2000, 2010]",AI,1
1662,"(1900, 1910]",PA,1
1663,"(1980, 1990]",BS,1
1664,"(1980, 1990]",SM,1
1665,"(1900, 1910]",ME,1
1666,"(1900, 1910]",LT,1
1667,"(2010, 2020]",SH,1
1668,"(1900, 1910]",IR,1
1669,"(1900, 1910]",IE,1
1670,"(1900, 1910]",GE,1
1671,"(1900, 1910]",DZ,1
1672,"(1980, 1990]",SR,1
1673,"(1980, 1990]",TJ,1
1674,"(1990, 2000]",XKV,1
1675,"(1980, 1990]",TO,1
1676,"(1990, 2000]",VI,1
1677,"(1980, 1990]",ZM,1
1678,"(2010, 2020]",TC,1
1679,"(1900, 1910]",AL,1
1680,"(1990, 2000]",UG,1
1681,"(1990, 2000]",CG,1
1682,"(1980, 1990]",BT,1
1683,"(1970, 1980]",SO,1
1684,"(1920, 1930]",AE,1
1685,"(1940, 1950]",TN,1
1686,"(1960, 1970]",HN,1
1687,"(1960, 1970]",HT,1
1688,"(1940, 1950]",MM,1
1689,"(1960, 1970]",KE,1
1690,"(1960, 1970]",KG,1
1691,"(1960, 1970]",ME,1
1692,"(1940, 1950]",LI,1
1693,"(2000, 2010]",PF,1
1694,"(1960, 1970]",MM,1
1695,"(1940, 1950]",IQ,1
1696,"(1940, 1950]",GT,1
1697,"(1940, 1950]",GL,1
1698,"(1960, 1970]",MZ,1
1699,"(2000, 2010]",NU,1
1700,"(1940, 1950]",DZ,1
1701,"(2000, 2010]",NR,1
1702,"(1940, 1950]",CM,1
1703,"(2010, 2020]",CSXX,1
1704,"(1940, 1950]",BUMM,1
1705,"(1940, 1950]",BO,1
1706,"(2010, 2020]",CW,1
1707,"(1960, 1970]",QA,1
1708,"(1940, 1950]",BF,1
1709,"(1960, 1970]",GU,1
1710,"(2000, 2010]",SH,1
1711,"(1980, 1990]",BH,1
1712,"(1960, 1970]",GA,1
1713,"(2000, 2010]",XNA,1
1714,"(1950, 1960]",PF,1
1715,"(1950, 1960]",LY,1
1716,"(1950, 1960]",SA,1
1717,"(2000, 2010]",WS,1
1718,"(2000, 2010]",VU,1
1719,"(1950, 1960]",SY,1
1720,"(1950, 1960]",KZ,1
1721,"(1950, 1960]",TM,1
1722,"(1950, 1960]",GN,1
1723,"(1950, 1960]",GL,1
1724,"(1950, 1960]",XAU,1
1725,"(1950, 1960]",YUCS,1
1726,"(2000, 2010]",TM,1
1727,"(1950, 1960]",CM,1
1728,"(1960, 1970]",BN,1
1729,"(1960, 1970]",BS,1
1730,"(1950, 1960]",BM,1
1731,"(1960, 1970]",BUMM,1
1732,"(1960, 1970]",CD,1
1733,"(2000, 2010]",ST,1
1734,"(2000, 2010]",SO,1
1735,"(1940, 1950]",YUCS,1
1736,"(1960, 1970]",SD,1
1737,"(1960, 1970]",SO,1
1738,"(2010, 2020]",DJ,1
1739,"(1940, 1950]",AF,1
1740,"(2000, 2010]",GM,1
1741,"(1970, 1980]",PF,1
1742,"(1970, 1980]",PS,1
1743,"(1920, 1930]",UZ,1
1744,"(2000, 2010]",GF,1
1745,"(1920, 1930]",TJ,1
1746,"(1920, 1930]",TH,1
1747,"(1920, 1930]",SY,1
1748,"(2010, 2020]",KI,1
1749,"(2010, 2020]",KM,1
1750,"(2010, 2020]",KN,1
1751,"(1970, 1980]",SA,1
1752,"(1950, 1960]",MD,1
1753,"(1920, 1930]",LU,1
1754,"(1920, 1930]",LK,1
1755,"(1920, 1930]",GL,1
1756,"(1970, 1980]",TT,1
1757,"(1920, 1930]",GA,1
1758,"(1970, 1980]",ZW,1
1759,"(1920, 1930]",CR,1
1760,"(1920, 1930]",BY,1
1761,"(1920, 1930]",BJ,1
1762,"(1920, 1930]",BF,1
1763,"(2000, 2010]",GU,1
1764,"(1920, 1930]",YUCS,1
1765,"(1930, 1940]",AD,1
1766,"(2000, 2010]",MH,1
1767,"(1930, 1940]",YUCS,1
1768,"(1960, 1970]",TJ,1
1769,"(1960, 1970]",TO,1
1770,"(1930, 1940]",TN,1
1771,"(1960, 1970]",UG,1
1772,"(1930, 1940]",SN,1
1773,"(1930, 1940]",PY,1
1774,"(2000, 2010]",MM,1
1775,"(1960, 1970]",ZW,1
1776,"(2010, 2020]",FM,1
1777,"(1970, 1980]",BH,1
1778,"(1970, 1980]",ME,1
1779,"(1930, 1940]",MC,1
1780,"(1970, 1980]",BI,1
1781,"(2010, 2020]",GD,1
1782,"(1970, 1980]",CD,1
1783,"(1930, 1940]",HT,1
1784,"(1930, 1940]",GH,1
1785,"(1930, 1940]",GE,1
1786,"(2000, 2010]",KN,1
1787,"(1930, 1940]",DO,1
1788,"(1930, 1940]",CG,1
1789,"(1880, 1890]",BR,1
